#ParoNacional3M | Por cuenta de las protestas de este lunes 3 de mayo en varias ciudades del pa√≠s, a las que se han sumado varias demandas econ√≥micas y sociales, las autoridades reportan una serie de bloqueos en v√≠as principales en todo el pa√≠s.
https://t.co/XzegSdUKCZ
#ParoNacional3M | Por cuenta de las protestas de este lunes 3 de mayo en varias ciudades del pa√≠s, a las que se han sumado varias demandas econ√≥micas y sociales, las autoridades reportan una serie de bloqueos en v√≠as principales en todo el pa√≠s.
https://t.co/XzegSdUKCZ
Fuertes im√°genes a esta hora en un live del jugador colombiano @cucho1099 desde #Cali #ParoNacional3M https://t.co/0KRPvOS6zP
A esta hora miles de personas en Bucaramanga protestan y se manifiestan como rechazo a la violencia y masacres ejecutada por el gobierno Colombiano.

#Colombia #SOSColombiaDDHH #FuerzaCOLOMBIA #ColombiaResiste #SOSColombia #ParoNacional3M #DuqueDictador https://t.co/hkesr9mllA
En el #ParoNacional3M #ParoIndefinido2021 que ser√° la vida de los artistas? Aquellos que apoyan las luchas de otros pa√≠ses porque les duele su sufrimiento, pero no les duele el sufrimiento del pa√≠s que los vio nacer, d√≥nde se dieron a conocer y que permitieron estar d√≥nde est√°n!
Vamos a seguir por la novena #ElParoNOPara 
#ParoNacional3M #ParoIndefinido2021 #ParoEstudiantil3M #SOSColombia #Paro3M https://t.co/0yagHuhPgZ
@NoticiasCaracol Falta que renuncie el alcalde genocida de #Cali @JorgeIvanOspina 

El defensor del paseo. ve, digo el defensor del pueblo @carloscamargoa 

Y el perdido personero de #Cali @HaroldACortesL  

#CaliResiste #DuquePareLaMasacre #ParoNacional3M
@CathyJuvinao Es un no tan viejo concepto que ha retomado un NEONAZI chileno Alexis L√≥pez Tapia y como era de esperar el #Matarife la expone en Colombia.

#ParoNacional3M https://t.co/xFwKJc0ZFX
@CathyJuvinao Es un no tan viejo concepto que ha retomado un NEONAZI chileno Alexis L√≥pez Tapia y como era de esperar el #Matarife la expone en Colombia.

#ParoNacional3M https://t.co/xFwKJc0ZFX
Varias p√°ginas en redes sociales en Cali que est√°n transmitiendo lo que realmente est√° pasando est√°n siendo censuradas. #CENSURA #ParoNacional3M
Es lo m√°s lindo que he visto √∫ltimamente
#ParoNacional3M 
#SOSColombiaDDHH https://t.co/mL3uhtgiNr
Bogota a esta hora

#ParoNacional3M 
#DuqueRenuncie 
#colombiaenalerta https://t.co/IKvXxFngSn
Parque de El Poblado en este momento. Caigan que el pueblo resiste carajooo!!!  

#ParoIndefinido2021 #ParoNacional3M #ParoEstudiantil #MedellinResiste https://t.co/KgpWcAOmYS
Pueblito chiquito! Te amo demasiado #ParoNacional3M https://t.co/fquTjNUGc8
la gente en villavicencio estaba marchando PAC√çFICAMENTE y llegan estos cerdos a atacarlos, pirobos de mierda 

#ParoNacional3M
 https://t.co/Qp4hI0XfqH
Manera n√∫mero 1 de que te terminen quemando todas tus sedes. Hijueputas!!!!!!
#ColombiaResiste #ColombiaSeRespeta #ParoNacional3M #ParoIndefinido2021 https://t.co/pPTfh1gPiw
Acabo de tomar estas fotograf√≠as en la marcha de Medell√≠n. 

#ParoNacional3M #Paro3M https://t.co/N5eP3alzgw
Por esta mierda es que me gustan las Neas y el 7...te amo mi ferxxoo
@feid
#ParoNacional3M #feid #ElParoNoLoParaNadie https://t.co/1ZM0QwX4Hq
Por esta mierda es que me gustan las Neas y el 7...te amo mi ferxxoo
@feid
#ParoNacional3M #feid #ElParoNoLoParaNadie https://t.co/1ZM0QwX4Hq
Camioneros en todo el pais

#ParoNacional3M 
#DuqueRenuncie 
#colombiaenalerta https://t.co/RA0fEJmyzg
El d√≠a que el perico pague impuestos, ah√≠ s√≠ m√°s de un influencer y cantante de vallenato sale a marchar. 
#ParoNacional3M
Esto tambi√©n merece ser visto.
#ParoNacional3M
#VandalosAsesinos
#VandalismoPuroYDuro
 #Paro3M
#ElParoSigue 
#ElParoNOPara 
#NosEstanMasacrando
Ojal√° las calles se llenaran de militares, y oficiales, apoyando al pueblo. Hoy y siempre. https://t.co/KJlbl5prN6
El Comit√© del Paro pide soluci√≥n a los problemas m√°s graves del pa√≠s:
- Uy no, les falt√≥ pedir Jean day todos los d√≠as.
Duque propone una reforma abusiva que le pon√≠a impuestos a la comida y pod√≠a quebrar la naci√≥n en 2 a√±os: 
- Bueno, lo podemos negociar.
#ParoNacional3M
¬°Se metieron con la generaci√≥n que se rumbea lo del taxi!

#D√©janosPasar
#CALIRESISTENCIA
#ParoIndefinido 
#DuqueDictador 
#CaliSeRespeta
#EsmadAsesino 
#ParoNacional3M
#Paro3M https://t.co/UnjPvw624i
Marchantes de #Medellin subieron desde el parque de Bel√©n y van por la 80. Van con m√∫sica y todo tranqui. Se ve√≠an varios de personer√≠a al final y ya detr√°s, como 40, 50 polic√≠as. #ParoNacional3M https://t.co/tqW7Paxcmh
@AdrianaLucia @verozco entra al envivo de JAHFRANN... NECESITAMOS QUE SEA VIRAL EN LA LUNA-CALI #ParoNacional3M #SOSColombiaDDHH
CON CAPUCHA O SIN CAPUCHA ESTUDIANTES EN LA LUCHA #ParoNacional3M https://t.co/gIQAqeuR4G
@_CastilloWill @AnonNews_Col a plena luz del d√≠a #ParoNacional3M #dejenospasar
@Col_Informa @RobinsonDiazU @IvanDuque Santander Norte y Sur dicen no m√°s.....
No m√°s URIBE, no m√°s masacres...No m√°s
#ParoNacional3M https://t.co/UywG6MI1Uh
#MedellinResiste Mi Bel√©n Rinc√≥n, paraco de las AGC, que orgullo siento de verte marchar.

Henchido coraz√≥n de sus habitantes que despiertan. V√≠ctimas y guerreros hemos sido la vida entera, otra historia le contaremos a nuestros hijos

#ParoNacional3M #DuqueAsesino #RenuncieDuque https://t.co/pxaFqHLUrE
#LoQueSigueEs #ParoNacional3M #Paro3M| En Bucaramanga las calles, est√°n llenas de personas, esto no para, seguimos luchando.

#ElParoSigue https://t.co/wbkbkbzYB5
#ParoNacional3Müî•| Sevilla Antiuribista. El Valle del Cauca resiste la fuerte arremetida de la Polic√≠a y Ej√©rcito contra la poblaci√≥n que se manifiesta en las calles contra el gobierno de @IvanDuque y sus pol√≠ticas de muerte https://t.co/Qw6nBsdztZ
#ParoNacional3Müî•| Sevilla Antiuribista. El Valle del Cauca resiste la fuerte arremetida de la Polic√≠a y Ej√©rcito contra la poblaci√≥n que se manifiesta en las calles contra el gobierno de @IvanDuque y sus pol√≠ticas de muerte https://t.co/Qw6nBsdztZ
#Lojalidad // ATENCI√ìN

#Transmilenio: A esta hora Troncal NQS Caracas al Norte:

CERRADA la troncal Av. Caracas desde estaci√≥n Las Flores hasta el Portal del Norte.

#ParoNacional #ParoNacional3M
#Arauca presente, que siga el #ParoNacional3M #Colombia #SOSColombia #antiuribista #AntiUribistaSigueAntiUribista https://t.co/uCAJMx3zvh
Manizales resiste, lunes 3 de Mayo. #ParoNacional3M #ParoNacional https://t.co/0hixItwKYJ
La indiferencia de mi universidad no me representa.
#LaTadeoSeMueve
#ParoIdenfinido
#PrivadasEnParo
#ParoNacional3M 
#ParoEstudiantil3M
#MasacreEnColombia
La indiferencia de mi universidad no me representa.
#LaTadeoSeMueve
#ParoIdenfinido
#PrivadasEnParo
#ParoNacional3M 
#ParoEstudiantil3M
#MasacreEnColombia
@CNNEE Por favor, hablen de Colombia, nos est√°n masacrando, miren estos hashtags #EsmadAsesino #ParoNacional3M #ParoIndefinido2021 #ParoNacional2M #ParoNacional #ParoNacional1M #ParoNacional28A #ParoIndefinido #DuqueAsesino #DuqueMandoAMatarnos #DuquePareLaMasacre #DuqueDictador.
La bandera al rev√©s significa auxilio de un pueblo donde se han violado los derechos humanos y que exige el respeto de un gobierno tirano. #GobiernoGenocida #SOSColombiaDDHH #DuquePareLaMasacre #ColombiaEnAlertaRoja #ParoNacional3M https://t.co/Y298bA7Ral
#ULTIMAHORA #PortalInformativo 
Despu√©s de una reuni√≥n con el presidente @IvanDuque junto al Dr.#AlbertoCarrasquilla  se anuncia su renuncia como Ministro de Hacienda y Cr√©dito P√∫blico
#ParoNacional3M 
#NoticiaEnDesarrollo https://t.co/fkazEMGqS1
Cajica, Cundinamarca

Taxistas se suman al Paro

#ParoNacional3M 
#DuqueRenuncie 
#colombiaenalerta https://t.co/SbRZOzgD6B
No estaban haciendo nada. 
Pinches polic√≠as 
@AlcaldiaCTG que pasaaaa
#ParoNacional3M https://t.co/5WuslGPS57
Gobierno indiferente y mezquino, que solo sabe darle la espalda  la gente, Colombia debe ganar el derecho a ser escuchado para marcar una nueva era en un pa√≠s mas justo, el pueblo ganara con altura en las calles. #MingaNacional #ParoNacional3M #ParoIndefinido2021 https://t.co/z1oWo0K1Ss
El programa Ingeniera de Alimentos de la Universidad de la Amazonia se une al #ParoIndefinido2021 
#NosEstanMatando 
#ParoEstudiantil3M 
#ParoNacional3M 
#ColombiaEnAlertaRoja https://t.co/YMlAtJGosC
Personas con uniforme violando derechos de personas sin uniforme, que lucha por los derechos y garant√≠as que tambi√©n los primeros gozan cuando se quitan el uniforme. 
#IroniasDelParo
#ParoNacional3M
#ParoNacional3M üö∂üö∂‚Äç‚ôÄÔ∏è| Hay bloqueos por parte de transportadores en la entrada por la calle 80. 

Siga aqu√≠ el reporte de la situaci√≥n en las v√≠as entre Bogot√° y Cundinamarca ‚û°Ô∏è https://t.co/yKugsuqPqR

üì∏: Gobernaci√≥n de Cundinamarca https://t.co/gTiObIeiPt
CUIDADO ‚ö†Ô∏è‚ö†Ô∏è‚ö†Ô∏è‚ö†Ô∏è‚ö†Ô∏è‚ö†Ô∏è‚ö†Ô∏è‚ö†Ô∏è‚ÄºÔ∏è‚ÄºÔ∏è‚ÄºÔ∏è #ParoNacional3M https://t.co/a68CiSJLP4
#Mundo | #√öLTIMAHORA Renuncia ministro de Hacienda en #Colombia tras frustrada #ReformaTributaria (oficial)

#ParoNacional3M 
V√≠a #AFP https://t.co/WyGvaFgmN0
Colombianos en #Londres protestando #ParoNacional3M #3M https://t.co/hyn0XlDvSG
#ParoNacional3M est√°n pensando en quitarnos el derecho a las comunicaciones. Tenemos que salir y derrocar esta dictadura.
√âl piloto de esa avioneta en Miami a echo m√°s por colombia que todos los del partido centro democr√°tico #ParoNacional3M
Que renuncie esa ser√≠a la mejor decisi√≥n que ha tomado desde que lleg√≥ al poder #SOSColombia  #ParoNacional3M https://t.co/2uhpvyIcY8
https://t.co/em2sIH1mOS

ESTAN MATANDO MI GENTE EN CALI!!! POR FAVOR DIFUNDIR!!! 
ESTO ES UN LIVE!! DIFUNDIR POR FAVOR...
#Cali 
#CALIRESISTENCIA 
#SMADasesino 
#ParoNacional3M 
#ParoNacional 
#ColombiaSOS 
#colombia 
#ColombiaResiste
Cuanto me ENORGULLECES Bga. 5to d√≠a de #ParoNacional üá®üá¥‚ù§
Foto: Juan Diego Delgado.
@fecode @CGTCol
@cutcolombia #ParoNacional3M  #Colombia #ParoNacional #ColombiaResiste #Paro3M #DuqueChao #ParoIndefinido #Bga #Bucaramanga #ColombiaEnAlertaRoja #Libertad #Vida #Derechos https://t.co/R3G4AANp7Z
"Si un pueblo protesta y marcha durante una pandemia, es porque su gobierno es m√°s peligroso que un virus" @Residente #ParoNacional3M
Minhacienda acaba de confirmar renuncia de Carrasquilla.
#ParoNacional3M https://t.co/HmrnEklQXV
Colombia est√° EMPUTADA #ParoNacional3M https://t.co/pXyy7NlKpY
Colseguros antes del puente la luna, lleguen los necesitamos #ParoNacional3M https://t.co/vmXItwypfy
Con amor desde  EEUU
Uribe Genocidal Dictator #SOSColombia. 
Fue en Miami Beach, Bal Harbor, Brickell.
#ParoNacional3M #SOSColombiaDDHH 
Gran acci√≥n por la memoria de @Betocoralg duroüí™
#NoMasUribe #ElParoSigue
https://t.co/T2lYMuo4ly
Indigenas en Cali

#ParoNacional3M 
#DuqueRenuncie 
#colombiaenalerta https://t.co/5JtGlyiqjg
Y si no lo fueran, igual deber√≠a estar en la c√°rcel por los miles de delitos que ha cometido contra el pueblo Colombiano
SOS COLOMBIA
#ParoNacional3M https://t.co/PlKAw642q6
No se dejen enga√±ar, es simplemente un cambio de puesto, no vamos aceptar este tipo de cosas, el paro sigue hasta ser escuchados de verdad, no solo por conveniencia.
#Paro3M
#ParoIndefinido2021
#ParoNacional3M 
#ParoIndefinido2021 https://t.co/61Lb5rW35d
Paracos jijueputas @rxn1998oficial  @AlcaldiadeMed  @XGX_BELEN  @DEXTRUXION_  #MedellinSiNosPertenece  #Medell√≠n  #ParoNacional3M  #paolaochoa  #VandalismoPuroYDuro #VandalosAsesinos  #DejanosPasar @Ultras_BB https://t.co/HL6kO8TEc2
#ParoNacional3M #VandalismoPuroYDuro 

Cuando defienden a la policia y el ESMAD https://t.co/Xz4Lyu7UbS
Nos est√°n matando en colombia
#NosEstanMasacrando #NosEstanMatando  #SOSColombia  #ParoNacional3M  #ParoIndefinido2021 https://t.co/9hsCLs5B8b
#ParoNacional3M A esta hora sobre la puerta del sol en bucaramanga #DuqueAsesino https://t.co/BeHD8bLm3s
#ParoNacional3M En la carrera 30 con calle 26, en Bogot√°, los camioneros contin√∫an con su manifestaci√≥n. https://t.co/BwdAFIi1Yk https://t.co/H5PZirC5qa
En Floridablanca por los sem√°foros de Zapamanga, esta la polic√≠a y el esmad OJO PUES ‚Äº‚Äº#ParoNacional3M
Lo que me da rabia es que esta gente no rota de lo que se est√° fumando ü§¨üò°

#ParoNacional3M https://t.co/bEcorkYbjD
El uribismo est√° hambriando a millones de colombianas y colombianos. 

Quienes hoy llenamos las calles somos gente decente luchando por un pa√≠s donde vivir no sea una odisea.

#ParoNacional3M
#ParoNacional3Mayo https://t.co/w8S7CZe3BG
El uribismo est√° hambriando a millones de colombianas y colombianos. 

Quienes hoy llenamos las calles somos gente decente luchando por un pa√≠s donde vivir no sea una odisea.

#ParoNacional3M
#ParoNacional3Mayo https://t.co/w8S7CZe3BG
La tanqueta y los camiones del ESMAD llegaron al frente del centro comercial Mercurio y Gran plaza Soacha!!

#ParoNacional3M
‚ö† Gente Soacha ya empezaron a mandar al esmad y las tanquetas, ya hay como dos camiones llenos del ESMAD, los que son de Soacha tengan mucho cuidado‚ö†

#ParoNacional3M
#Atenci√≥n. Se confirma la renuncia de Alberto Carrasquilla, pero antes de irse deja el veneno sembrado. 
Viva el #ParoNacional3M https://t.co/NgW0hwwpIV
Jajajajaja Confirmo..üòé‚úäüèªüá®üá¥#ParoNacional3M #ParoIndefinido2021 https://t.co/m3hl7kVTiK
#Lojalidad // ATENCI√ìN

#Transmilenio: A esta hora Troncal NQS al sur Extensi√≥n Soacha, Cerradas las estaciones:

* Bosa 
* Despensa
* Le√≥n XIII
* Terreros
* No hay servicio de alimentaci√≥n en Portal del Sur.

#ParoNacional #ParoNacional3M
H√°ganme el favor, entonces que ser√≠a de todos los marchantes si s√≠ la tuvieran?  üòí 

#ParoNacional3M https://t.co/U65SgkC7ha
H√°ganme el favor, entonces que ser√≠a de todos los marchantes si s√≠ la tuvieran?  üòí 

#ParoNacional3M https://t.co/U65SgkC7ha
@gener_usuga Eso es una belleza #Perera #AntiUribistaSigueAntiUribista #ParoNacional3M
Nosotros ahorita frente a los que se quieren apropiar de un paro que es de la gente y frente a los que quieren obligarnos a callar. #ParoNacional3M #ParoIndefinido2021 https://t.co/OrtTJlJeuR
La protesta social debe ganarse la solidaridad del pueblo o al menos no ponerlo en su contra, el dejar pasar alimentos es una forma de hacerlo #ParoNacional3M
Me da por favor una revoluci√≥n molecular disipada y un jugo de banano con fresa

#ParoNacional3M
Cierre total en TOTAL en la v√≠a que conduce de Cajic√° a Bogot√°. Protesta de taxistas. 
#ParoNacional3M https://t.co/HZlsbkJ2NF
Pueden ayudar a rotar este video por favor, con esto nos est√°n matando en Cali la fuerza armada, la polic√≠a, el smad y los militares y principalmente el Gobierno 
#ParoNacional3M
#SOSCali
#SOSColombia
#SOSColombiaDDHH
#ParoIndefinido2021 https://t.co/0HbS8bhCmY
Ay mi Colombia como dueles. Pero la lucha debe seguir. ESTAMOS MAMADOS! #ParoNacional3M
Se necesita apoyo en el sector la Luna por favor!!! Que llegue m√°s gente!! Hay varios heridos, el ESMAD est√° atacando #SOSCali #Cali #ParoNacional3M
#ParoNacional3M
#DejanosPasar
#DuqueAsesino
#EstadoAsesino
#LaUnabMandaHuevo
#3Mayo
#SMADasesino
#SOSColombia
Apoyen y Difundan!!! https://t.co/pFKKMQHXCV
Paola Ochoa que idea m√°s inteligente de esta vieja hijueputa que coma mierda,c√≥mo nos van a quitar el √∫nico Medio ver√≠dico de informaci√≥n del pa√≠s .
#ParoNacional3M #ParoNacional3M #ParoNacionalIndefinido #NoALaReformaALaSalud #ElParoSigue
¬øRenunciar√° Iv√°n Duque (@IvanDuque )?  Tendr√≠amos en la presidencia a Marta Luc√≠a Ram√≠rez (@mluciaramirez)

Con esa se√±ora el programa de las 6:00 p.m. ser√≠a eterno

 #ParoNacional3M
@ELTIEMPO Por favor izemos la bandera de nuestro pa√≠s al rev√©s; como se√±al de auxilio e intervenci√≥n internacional
#NosEstanMasacrando #NosEstanMatando #ColombiaEnAlertaRoja #CaliResiste #DuqueAsesino #EsmadAsesino #PoliciasAsesinos #DuqueRenuncie #SOSColombiaDDHH #ParoNacional3M
‚ö†Ô∏è Gente Soacha ya empezaron aa mandar al esmad y las tanquetas, ya hay como dos camiones llenos del ESMAD, los que son de soacha tengan mucho cuidado ‚ö†Ô∏è

#ParoNacional3M
#ParoNacional3M Oscar, un manifestante que sali√≥ este sexto d√≠a de protestas en #Bucaramanga env√≠a un contundente mensaje al presidente @IvanDuque https://t.co/TlFdxFfulT
En nuestro continente seguimos en crisis humanitaria y democr√°tica. 
Ll√°mese Mexico, Colombia, Argentina, Bolivia... Nosotros mismos debemos hacer lo correcto.
#NosEstanMatando #ParoNacional #ParoNacional3M https://t.co/4NfuTd1XuM
En nuestro continente seguimos en crisis humanitaria y democr√°tica. 
Ll√°mese Mexico, Colombia, Argentina, Bolivia... Nosotros mismos debemos hacer lo correcto.
#NosEstanMatando #ParoNacional #ParoNacional3M https://t.co/4NfuTd1XuM
Que no se apague la llama de la resistencia. üá®üá¥üá®üá¥üá®üá¥üá®üá¥üá®üá¥üá®üá¥üá®üá¥
#Colombia #ColombiaSeRespeta #ParoNacional2M #ParoNacional3M https://t.co/xzG37yvDl6
SOS COLOMBIA, SE√ëAL DE AUXILIO @JorgeIvanOspina @IvanDuque @ONU_es @ONUHumanRights #NosEstanMatando #SOS #ParoNacional3M @DefensoriaCol @mindefensa https://t.co/9M4QWqjv2E
#ParoNacional3M: Panorama actual en el sector del puente de #Provenza en #Bucaramanga. Las dos movilizaciones ya se encontraron: https://t.co/zg4Rmry8jO https://t.co/vWY79KT1ih
Vamos ind√≠genas del cauca presente en Mel√©ndez Cali
Aguante al #Paro3M #ParoNacional3M https://t.co/aTPBy3Lbxh
El Arte de Nicolas es eterno. Nunca olvidaremos a nuestros muertos, asesinados por la polic√≠a, a quienes dieron su vida luchando por un pa√≠s mejor. #ParoNacional3M https://t.co/JoJaa2kNM4
Hola queridxs compa√±erxs ¬øD√≥nde est√°n? Recuerden que a esta hora las fuerzas asesinas de nuestro pa√≠s empiezan a disparar indiscriminadamente, POR FAVOR CUIDENSE MUCHO
#DuqueRetireLaReformaYa 
#ParoNacional3M 
#ParoNacional2M 
#nicolasguerrero 
#EsmadAsesino
Acci√≥n poetica en Medellin.
#ParoNacional3M https://t.co/JvPBJ1fX6F
Acci√≥n poetica en Medellin.
#ParoNacional3M https://t.co/JvPBJ1fX6F
‚ö†Ô∏è Gente Soacha ya empezaron aa mandar al esmad y las tanquetas, ya hay como dos camiones llenos del ESMAD, los que son de soacha tengan mucho cuidado ‚ö†Ô∏è

#ParoNacional3M
‚ö†Ô∏è Gente Soacha ya empezaron aa mandar al esmad y las tanquetas, ya hay como dos camiones llenos del ESMAD, los que son de soacha tengan mucho cuidado ‚ö†Ô∏è

#ParoNacional3M
NO SE DEJEN METER LOS DEDOS A LA BOCA PANITAS‚ùó‚ö†Ô∏è‚ùó‚ö†Ô∏è‚ùó
ESTO ES LO QUE ESTA PASANDO, NO HEMOS GANADO NADA #Paro3M #ElParoContinua3M #ElParoSigue  #ColombiaEnAlertaRoja
#ParoNacional3M https://t.co/DcI49THsa9
Al menos 16 muertos inocentes cuyo crimen fue salir a defender las injusticias de un Gobierno y la falta de empat√≠a de una sociedad que los tilda de v√°ndalos y que le importa m√°s una estatua ca√≠da que una vida  #ColombiaEnAlertaRoja #ParoNacional3M https://t.co/eHCeIyDm9M
Viva Colombia un minuto de silencio a todas las v√≠ctimas que a dejado el #ParoNacional  y #COVID19  gracias totales paz en sus tumbas üôèüôèüôèüôèüôèüôèüò™üò™ #ParoNacional3M 
#FuerzaCOLOMBIA 
#ColombiaResiste https://t.co/S4TL3arWbT
En Cartagena estaban literalmente rapeando y cantando en la torre del reloj y les tiran gas mk. Siempre buscan una hpta excusa. 

#ParoNacional3M
#ParoNacional3M #ParoIndefinido2021  si las mentiras ü§• fueran demandables @IvanDuque estar√≠a en la c√°rcel AAC
#ParoNacional3M #ParoIndefinido2021  si las mentiras ü§• fueran demandables @IvanDuque estar√≠a en la c√°rcel AAC
"Capitalismo, socialismo, comunismo practicado pero el resultado a sido casi el mismo.
El hombre por instinto busca el beneficio propio." (Cancerbero)
#ParoNacional3M #ColombiaSeRespeta #ColombiaResiste #NosEstanMasacrando
Ac√° estamos haciendo una parada t√©cnica por lluvia, somos la resistencia y #ElParoNOPara 
#ParoNacional3M #ParoIndefinido2021 #ParoEstudiantil3M #SOSColombia #Paro3M https://t.co/JjDC71dGZz
#ParoNacional3M Harto de que la fucking polic√≠a cierre arbitrariamente las calles del centro de #MedellinResiste  que cruzan con la avenida oriental. Generan caos, aglomeraciones y p√©rdidas. Si tanto miedo les da que les pinten la estaci√≥n de polic√≠a, cierren solo su cuadra.
üî¥#ElZmbido l En @Barranquilla se visualiza la presencia de veh√≠culos militares 
V√≠a @Col_Informa
#ChaoDuque 
#ParoNacional3M 
#Colombia üá®üá¥ https://t.co/6yDiiqwqJZ
POLIC√çA Y ESMAD BAJANDO POR EL CACIQUE!!! LOS VAN A ENCERRAR!! SALGA YA!! 
#bucaramanga #ParoNacional3M 
üö®‚ÄºÔ∏èüö®‚ÄºÔ∏èDIFUNDIR URGENTE üö®‚ÄºÔ∏èüö®‚ÄºÔ∏è https://t.co/DvKGMmczR8
He aqu√≠ el resultado de la inversi√≥n que se hizo para librar una guerra contra el pueblo colombiano. #SOSColombiaDDHH #SOSColombia #ParoNacional3M https://t.co/nrhOcfM39E
#ParoNacional3M Marchas pac√≠ficas en #Bucaramanga.

#ParoIndefinido2021 https://t.co/tre56U9buR
quien este cerca del sector de la luna que les griten que se dispersen,muchachos esa tanqueta no vale sus vidas.. corran #Cali #sectorlaluna #DuquePareLaMasacre #CALIRESISTENCIA #paronacionalindefinido #NosEstanMatando #ParoNacional3M #PasoDelComercio #SOSCali metanse a @jahfrann
#ParoNacional3M y mientras tanto @IvanDuque  reunido con los corruptos a consertar como se van a repartir la   torta.
#ParoNacional3M #VandalismoPuroYDuro #D√©janosPasar #Paro3M

üî¥ PARA MEDITAR

en los 80s abusos de la izquierda originaron las AUC

hoy los #VandalosAsesinos parecen desesperados por traerlas de regreso

üî¥ PREGUNTO

¬øestar√°n Maduro y el G2 cubano financiando al Comit√© del Paro? https://t.co/57S8HAXAs9
Calle 140 con S√©ptima en este momento, hasta la 147 lleno de polic√≠as y los del ESMAD en ambos costados.

#CedritosResiste #cedritos #DuqueAsesino #DuqueRenuncie #PoliciasAsesinos #EsmadAsesino #ParoNacional #ParoNacional3M https://t.co/NFotlf5Bnm
Personas manifest√°ndose pac√≠ficamente en #Cali y el #EsmadAsesino junto con los #PoliciasAsesinos insult√°ndose sus derechos ¬øEstos son los v√°ndalos a los que ustedes se refieren? @IvanDuque @AlvaroUribeVel @Diego_Molano 

#ParoNacional3M #VandalosAsesinos #VandalismoPuroYDuro https://t.co/WGgSTCBrYR
@prensamardel SOS COLOMBIA
@ONUHumanRights
@TembloresOng
@DefensoriaCol
@PGN_COL
@GobiernoBTA
 
@CorteIDH
@elpais_america
@bbcmundo
@CNNEE
@hrw

#ColombiaResiste #NoALaReformaTributaria #NosEstanMatando #ParoNacional3M #ElParoNOPara #ColombiaNeedsHelp #ColombiaSOS
Por el momento, todo tranquilo desde Calarc√°, entrada a "La L√≠nea" üá®üá¥üì¢‚úåÔ∏è

Seguimos en pie de lucha! 
#ParoNacional3M https://t.co/cMrsKHU82R
Por el momento, todo tranquilo desde Calarc√°, entrada a "La L√≠nea" üá®üá¥üì¢‚úåÔ∏è

Seguimos en pie de lucha! 
#ParoNacional3M https://t.co/cMrsKHU82R
Esto es necesario @QuinteroCalle ? En f√≠n la hipocres√≠a en Medell√≠n #ParoNacional3M https://t.co/xvR7U1L24q
Vamos a Retweet este mensaje para q no premien a #RenuncieCarrasquilla 

#ParoNacional3M #ADuqueLeDigo #NoALaReformaTributaria #GobiernoGenocida #MalditoUribismo #ContigoCHV #ColombiaEnAlertaRoja https://t.co/QfVVhTEg5b
#Lojalidad // ATENCI√ìN

#Transmilenio: A esta hora Troncal Av. Suba:

Portal de Suba no est√° prestando servicio de alimentaci√≥n por incidentes en la calle con Av. Cali.

#ParoNacional #ParoNacional3M
Ma√±ana todos en Hippies‚úäüèΩ Contra el estado genocida! üî• 

#ParoNacional3M #ParoEstudiantil3M #ElParoNOPara #GobiernoGenocida #ColombiaSOS #LoQueSigueEs #ColombiaSeRespeta #ResistenciaColombia https://t.co/qLByS9QHFN
¬°RESISTENCIA! üá®üá¥ #ParoNacional3M #FuerzaCOLOMBIA https://t.co/2RlB5IYQ09
Puerto Boyaca

#ParoNacional3M 
#DuqueRenuncie 
#colombiaenalerta https://t.co/JTlSpvTlBd
#ParoNacional3M no hay presencia de derechos humanos...... Ayuda!!!! https://t.co/MnxmurgSEN
#ParoNacional3M 

Desde Quinch√≠a, Risaralda

Inicia el paro campesino, es la respuesta del pueblo a la petulante posici√≥n del gobierno, que desconoce que la problem√°tica social va me all√° del retiro de la reforma tributaria.

El campo en la miseria, el pa√≠s debe cambiar. https://t.co/IKFTvae657
#ParoNacional3M
SOS Colombia:

26 manifestantes asesinados en 4 d√≠as en Colombia. Una verdadera masacre. 

17 j√≥venes sin un ojo

9 violaciones a mujeres

761 detenciones arbitrarias 

56 desaparecidos

RT @CIDH @ONU_es @OEA_oficial 
#UribeDioLaOrden https://t.co/tVRmUgt6fG
#ParoNacional3M  ¬øYa Ivan Duque va a condecorar a Carrasquilla porque gran labor como Ministro de Hacienda del gobierno?
Este se√±or me representa... En el amor.

¬øPara d√≥nde vas abuelo con esa camiseta, all√° va la marcha por la dignidad de #Colombia?

#ParoNacional3M #ElParoNOPara #ParoNacionalIndefinido https://t.co/OxyO21Go4G
#3Mayo
#ParoNacional3M
#AbusoPolicial
Ni esto puede ser aceptado. https://t.co/G8YT6Ar4Lm
@0816yeye SOS COLOMBIA
@ONUHumanRights
@TembloresOng
@DefensoriaCol
@PGN_COL
@GobiernoBTA
 
@CorteIDH
@elpais_america
@bbcmundo
@CNNEE
@hrw

#ColombiaResiste #NoALaReformaTributaria #NosEstanMatando #ParoNacional3M #ElParoNOPara #ColombiaNeedsHelp #ColombiaSOS
Ya apareci√≥ ‚ú® #ParoNacional3M https://t.co/xFO1bpAjFn
(FloryCantoX) #URGENTE üá®üá¥ C√∫cuta militarizada. Pese a que esta ciudad es una de las pocas que a√∫n no se ha enfrentado al ESMAD, el sub presidente IvanDuque ha desplegado tanquetas en la ciudad fronteriza. #ParoNacional3M #ColombiaResiste https://t.co/efJdUHRrVe
El joven artista, DJ Juan, que denunci√≥ ayer en vivo el asesinato de Nicol√°s Guerrero en una velat√≥n, ha tenido que salir de Cali porque lo est√°n amenazando. #ParoNacional3M
#URGENTE üá®üá¥ C√∫cuta militarizada. Pese a que esta ciudad es una de las pocas que a√∫n no se ha enfrentado al ESMAD, el sub presidente @IvanDuque ha desplegado tanquetas en la ciudad fronteriza.

@JUANCAELBROKY @OrlenysOV 

#ParoNacional3M #ColombiaResiste 
https://t.co/a414In6fpF
Un pol√≠tico no puede quedarse sentado en su casa mientras pide que haya m√°s sangre en las calles. Ellos son los verdaderos enemigos, los que no son capaces de sacrificar ni un pelo por su patria. #ParoNacional3M  #Paro3M
Recuerden 
#ParoNacional3M #NoALaReformaALaSalud https://t.co/KXM9LXyMPr
Recuerden 
#ParoNacional3M #NoALaReformaALaSalud https://t.co/KXM9LXyMPr
@jpalacioposada @AlvaroUribeVel Uy no sea tan incoherente e ignorante, haber! Si esta fuera la generaci√≥n de cristal usted no cree que el #ParoNacional3M ya hubiese acabado? Y estar√≠amos como usted lame.... m√°s bien esta es la generaci√≥n que no le tiene miedo a nada y menos a ese paraAsesino hp.
Y estos son los periodistas del pa√≠s 
#ParoNacional3M https://t.co/BfwugTrDka
El mensaje es concreto @ClaraLuzRoldan "despejar las v√≠as (...) el mensaje para nuestros comandantes". 

‚Äî Curioso, ¬øC√≥mo pretende hacerlo?, ese es su ¬ø"Valle, territorio de Paz"?

#ParoNacional3M #ParoNacional3Mayo #ParoIndefinido2021 #ParoNacionalIndefinido #CALIRESISTENCIA
‚ö†Ô∏è Gente Soacha ya empezaron aa mandar al esmad y las tanquetas, ya hay como dos camiones llenos del ESMAD, los que son de soacha tengan mucho cuidado ‚ö†Ô∏è

#ParoNacional3M
Y el pa√≠s se canso, de los mismos pol√≠ticos de siempre que llevan a√±os en el congreso, gobernando este pa√≠s que se creen eternos por sus ideolog√≠as, el chow se les acabo el cambio llego. #ParoNacional3M
@BluRadioCo que tal la "hija de Comunista" que tienen ah√≠ diciendo que Cierren las redes sociales, que opina mi gente de @Twitter y mi gente del #ParoNacional3M https://t.co/8ZnvOlaJGt
Pero la pobreza es tanta que hay mucha gente que no tiene ni 5 mil pesos en el bolsillo. Aparte, por qu√© pagar nosotros una deuda que esos desgraciados generaron. #ParoNacional3M https://t.co/IUoOkUX44u
A que hora salen los de anonymous a hackear a RCN y Caracol? #ParoNacional3M
Lo exigimos ‚úä @IvanDuque 
#GobiernoGenocida #ParoNacional3M https://t.co/QdOjRNthBv
@0816yeye SOS COLOMBIA
@ONUHumanRights
@TembloresOng
@DefensoriaCol
@PGN_COL
@GobiernoBTA
 
@CorteIDH
@elpais_america
@bbcmundo
@CNNEE
@hrw

#ColombiaResiste #NoALaReformaTributaria #NosEstanMatando #ParoNacional3M #ElParoNOPara #ColombiaNeedsHelp #ColombiaSOS
SOACHA YA EMPEZARON A ENVIAR EL ESCUADR√ìN ANTIDISTURBIOS #ParoNacional3M
Yo creo que el ej√©rcito en el a√±o 2020 ni en lo que va del 2021 ha hecho tanta presencia contra los bandidos del ELN como en las marchas, chevere arremeter contra la gente que no tiene como defenderse pero cuando se trata de guerrillas no aparecen ü§∑üèΩ‚Äç‚ôÇÔ∏è  #ParoNacional3M
@AlvaroUribeVel Con amor desde  EEUU
Uribe Genocidal Dictator #SOSColombia. 
Fue en Miami Beach, Bal Harbor, Brickell.
#ParoNacional3M #SOSColombiaDDHH 
Gran acci√≥n por la memoria de @Betocoralg duroüí™
#NoMasUribe #ElParoSigue
https://t.co/T2lYMuo4ly
üìå Siendo las 5:00 pm, parte de la marcha que comenz√≥ en el Parque de los Deseos se moviliza hacia Bello, en este momento se encuentra en por la  Uniminuto.
#LeCuentoEl3M #ParoNacional3M https://t.co/HXpmimhJ3e
#ParoNacional3M

Esta es la respuesta de los #VandalosAsesinos de URIBE PARACO y su t√≠tere Duque, a la situaci√≥n del pa√≠s

Sacar el ej√©rcito, a las calles y darle trato de guerra a la protesta social

Asesinar, desparecer, herir y encarcelar a civiles

https://t.co/w47PA2h2KY
‚ùó‚ùó‚ùó BUCARAMANGA, TENGAN CUIDADO POR FAVOR‚ö†Ô∏è‚ö†Ô∏è‚ö†Ô∏è

#Bucaramanga #ElParoNOPara #ElParoSigue #EsmadAsesino #ParoNacional3M #ParoEstudiantil3M https://t.co/G1W4PwriTN
Cerca a la estaci√≥n Calle 100 donde estudiantes  marchan de forma pacifica con tambores y banderas hacia el norte de la capital. #ParoNacional3M #ParoEstudiantil #NoALaReformaALaSalud https://t.co/D4WYJJUGEL
Cerca a la estaci√≥n Calle 100 donde estudiantes  marchan de forma pacifica con tambores y banderas hacia el norte de la capital. #ParoNacional3M #ParoEstudiantil #NoALaReformaALaSalud https://t.co/D4WYJJUGEL
Situaci√≥n a esta hora en el sector La Luna en Cali
#SOSCali #SOSColombiaDDHH #ParoNacional3M https://t.co/OQD6bzSISi
¬°Pacto hist√≥rico en vivo!
#PactoHistorico #ParoNacional3M
 https://t.co/eI6l4YyPtj
‚ö†Ô∏è Gente Soacha ya empezaron aa mandar al esmad y las tanquetas, ya hay como dos camiones llenos del ESMAD, los que son de soacha tengan mucho cuidado ‚ö†Ô∏è

#ParoNacional3M
#ParoNacional3M si algo qued√≥ claro con el Paro nacional es que la coalici√≥n de la esperanza, tiene de todo menos algo de esperanza y liderazgo. No aparece, no conmueve, no lidera, no acompa√±a, se desnud√≥ m√°s que su tibieza, su complicidad con el r√©gimen.
Hay que cuidar MUCHO a @wilsonariasc. Gracias, de verdad gracias senador.

#ParoNacional3M #ParoIndefinido #ParoIndefinido2021
Difundan esta informaci√≥n!!!

#ElParoContinua #DuqueAsesino #DuqueMandoAMatarnos #ParoNacional3M #NoALaReformaALaSalud
#ColombiaResiste #NosEstanMatando #ColombiaEnAlertaRoja #Paro3M https://t.co/nUoNAt4cVd
#Lojalidad // ATENCI√ìN

#Transmilenio: A esta hora Troncal Av. Caracas al sur - Cerradas las estaciones:

* Socorro
* Consuelo
* Molinos
* Portal Usme

#ParoNacional #ParoNacional3M
‚ö†Ô∏èMEDELL√çN - ITAG√ú√ç‚ö†Ô∏è
ESTAR ATENTOS, SE VIO UN CAMI√ìN DEL EJ√âRCITO EN PARQUE OBRERO
cr: @/buitresudea
#ParoNacional3M
NO HAY PRESENCIA DE DERECHOS HUMANOS!!!

#SOSCali 
#SOSColombiaDDHH 
#ParoNacional3M https://t.co/iWdcUVI7Sj
SOS COLOMBIA
como en una dictadura, que mierda 
#ParoNacional3M https://t.co/PL1TJE45Zd
ATENCI√ìN BARRANQUILLA ‚ÄºÔ∏è‚õîÔ∏è

SE REGISTRA PLANT√ìN PACIFICO A ESTA HORA EN PLAZA DE LA PAZ‚ÄºÔ∏è

NECESITAMOS QUE SE LLENE LA PLAZA, TODOS A DIFUNDIR‚ÄºÔ∏è‚ÄºÔ∏è‚ÄºÔ∏è

#NosEstanMatando #ParoEstudiantil3M #ParoIndefinido2021 
#ParoNacional3M #ColombiaEnAlertaRoja #BarranquillaResiste https://t.co/vypcvOKBR7
#ParoNacional3M
#ElParoSigue #DuqueRenuncie #GolpeDeEstadoColombia #ColombiaSeRespeta #ElParoNOPara 
Como me duele colombia verte as√≠, PERO AHORA LUCHAREMOS POR NUESTROS DERECHOS, POR NUESTRA VIDA, POR NUESTRA PATRIA Y POR NUESTRA LIBERTAD #SOSColombiaDDHH https://t.co/FHKfL9RIzH
AMBULANCIAS PASANDO POR EL COLEGIO METROPOLITANO DEL SUR, CUIDADO

#Bucaramanga #ElParoNOPara #ElParoSigue #EsmadAsesino #ParoNacional3M #ParoEstudiantil3M
SE INFORMA @AnonNews_Col #ParoNacional3M #ParoIndefinido2021 https://t.co/3X6HaWtTyL
@ActualidadRT SOS COLOMBIA
@ONUHumanRights
@TembloresOng
@DefensoriaCol
@PGN_COL
@GobiernoBTA
 
@CorteIDH
@elpais_america
@bbcmundo
@CNNEE
@hrw

#ColombiaResiste #NoALaReformaTributaria #NosEstanMatando #ParoNacional3M #ElParoNOPara #ColombiaNeedsHelp #ColombiaSOS
#3M ‚ö†Ô∏èEn este momento: video ciudadano desde Pto Boyac√°, en otro momento epicentro del paramilitarismo, tom√≥ la decisi√≥n ayer de retirar la valla de #Uribe y gritar: "abajo el Gobierno de #Duque". #ParoNacional3M https://t.co/iuUDmw7WPG
#3M ‚ö†Ô∏èEn este momento: video ciudadano desde Pto Boyac√°, en otro momento epicentro del paramilitarismo, tom√≥ la decisi√≥n ayer de retirar la valla de #Uribe y gritar: "abajo el Gobierno de #Duque". #ParoNacional3M https://t.co/iuUDmw7WPG
Mejor que ni lo piensen en suspender redes sociales, o sino todos a las calles #ParoNacional3M
#ParoNacional3Müî•| Antioquia Antiuribista. Grandes movilizaciones con fuerte represi√≥n se han presentado en diferentes municipios del departamento, a pesar de esto, personas contin√∫an resistiendo y denunciando la crisis de Derechos Humanos que enfrenta el pa√≠s https://t.co/XKvrmqtUBr
Tomo distancia en medio de #ParoNacional3M que considero totalmente justificado, con la decisi√≥n de @fecode de condenar a los ni√±os a no volver a sus colegios y sentenciarlos a una virtualidad que es excluyente e inequitativa. Si salen a protestar bien podr√≠an ir a las aulas.
para los que tenian dudas de como trate de hacer un hilo con informacion 
recuerden que a las 6 se comienza el proyecto 

la idea es bajar la cuenta del matarife y su titere pero si lo logramos tambien la de cabal y la marta 

#ParoNacional3M 
#ParoNacionalIndefinido https://t.co/vZfxUSOk2I
#DuqueAsesino #ParoNacional3M #ElParoSigue #DejanosPasar Denuncian que el ESMAD  y @PoliciaBquilla est√°n secuestrando a los manifestantes. #EstadoAsesino #RenuncieDefensor https://t.co/XQhEWw5Gw8
Y se sulfura la dama, ah? Qu√© es este descaro? Sed de dictadura
#GobiernoGenocida #ParoNacional3M #ParoIndefinido2021 #ParoNacionalIndefinido https://t.co/t29mfpeXfN
#ParoNacional3M #DuqueAsesino #ParoIndefinido2021 
Tocancip√°, Variante Bogot√°-Tunja  presencia del ESMAD y de La polic√≠a innecesaria porque no hay ning√∫n alboroto. https://t.co/69XYsbnxZY
Sra. @MariaFdaCabal , con la seguridad democr√°tica que tanto promulga lo √∫nico que va a lograr es que est√°s im√°genes se repitan a diario. Ud es la principal responsable de la muerte de polic√≠as y soldados!

#ParoNacional3M  #Paro3M https://t.co/L6CBp1dQer
Gente de cali, cualquier parte del pa√≠s una amiga est√° teniendo esta iniciativa. Si est√°n de acuerdo, pueden escribirme y les comparto m√°s informaci√≥n, sino, pues por favor ay√∫denos a difundir!!

#ParoNacional3M 
#ParoNacional 
#ElParoNOPara 
#Paro3M https://t.co/Wqm4TkR4gy
Gente de cali, cualquier parte del pa√≠s una amiga est√° teniendo esta iniciativa. Si est√°n de acuerdo, pueden escribirme y les comparto m√°s informaci√≥n, sino, pues por favor ay√∫denos a difundir!!

#ParoNacional3M 
#ParoNacional 
#ElParoNOPara 
#Paro3M https://t.co/Wqm4TkR4gy
En video queda registrado como la @PoliciaColombia es la que comete los actos bandalicos, no los manifestantes  #ParoNacional3M
#ParoIndefinido2021 

#VandalismoPuroYDuro https://t.co/T2YPdPf3Rv
Im√°genes del #ParoNacional3M
Malambo Atl√°ntico.
https://t.co/YLZVHRGiCd
‚ö†Ô∏è Gente Soacha ya empezaron aa mandar al esmad y las tanquetas, ya hay como dos camiones llenos del ESMAD, los que son de soacha tengan mucho cuidado ‚ö†Ô∏è

#ParoNacional3M
Si toca romper todo, rompan todo.

Los que estamos cansados del gobierno abusivo, queremos que acabe y si esa es la forma que esa sea entonces. #ParoNacional3M https://t.co/eUyK8KLn0Z
Se√±or @JorgeIvanOspina ¬øme explica qu√© es esto? ¬øC√≥mo es posible que permita esta clase de intimidaci√≥n? #ParoNacional3M #CALIRESISTENCIA #Cali https://t.co/wLQXslTDUt
En este momento consider√≥ a las personas trabajadoras que salieron a ganarse el sustento del d√≠a y no tiene c√≥mo devolverse por la culpa de unos #VandalosAsesinos y #ParoNacional3M
@Joha_naGi SOS COLOMBIA
@ONUHumanRights
@TembloresOng
@DefensoriaCol
@PGN_COL
@GobiernoBTA
 
@CorteIDH
@elpais_america
@bbcmundo
@CNNEE
@hrw

#ColombiaResiste #NoALaReformaTributaria #NosEstanMatando #ParoNacional3M #ElParoNOPara #ColombiaNeedsHelp #ColombiaSOS
GENTE DE SOACHA MUCHO CUIDADO POR FAVOR #Paro3M #ElParoContinua3M #ElParoSigue  #ColombiaEnAlertaRoja
#ParoNacional3M https://t.co/SI7s17VQvD
Como dijo alguien "Si usted ejerce la medicina y siente que la reforma a la salud no le interesa o no es importante, no la pr√°ctique, le hace un favor al pa√≠s" que tenga empat√≠a por sus colegas.
#ParoNacional3M https://t.co/beUj99A8oz
Bucaramanga demostrando porque es la ciudad bonita.

#ParoNacional3M 
#ParoNacional2M 
#ParoNacional1M 
#DuqueAsesino 
#DuqueDictador 
#DuqueRenuncie 
#DuqueMandoAMatarnos 
#DuqueRetireLaReformaYa https://t.co/NlJ8S51x6b
Seis d√≠as de #ParoNacional3M y las movilizaciones y protestas contin√∫an en Bogot√° y en distintas ciudades del pa√≠s. La respuesta de Duque es un pacto entre las √©lites pol√≠ticas, un pacto que deja por fuera al pueblo, un pacto que le da la espalda a sus justos reclamos. https://t.co/56pXpxC5tg
#ParoNacional3M en Medell√≠n nos mantenemos! https://t.co/q4Ssye6n2z
Hoy me toca caminar como 2 horas desde mi trabajo a mi casa, pero lo hago con toda la motivaci√≥n. #ParoNacional3M
Esa platica del t√≠tulo universitario se perdi√≥ #ParoNacional3M #ColombiaEnAlertaRoja https://t.co/vSInkEb7io
Somos m√°s!!!

  #ParoNacional3M
#ParoNacional3M LLEGUEN A BANDERAS, PLAT√ìN Y VELATON EN LA AM√âRICAS
Do√±a @PaolaOchoaAmaya (periodista de @|BluRadioCo) poniendo sobre la mesa una propuesta de que para terminar con el "vandalismo de los manifestantes" deber√≠an APAGAR LAS REDES SOCIALES Y EL INTERNET EN üá®üá¥
#ParoIndefinido2021 #ParoNacional3M
#VandalismoPuroYDuro https://t.co/WM9NnhPmux
M√°s bella que nunca mi Mzles
#ParoNacional3M https://t.co/BUye3AXCZA
Colombia hoy tiene 268 peajes,la flamante ministra de transporte planea construir otros 37 a lo largo del territorio nacional ¬øles parece esa mierda justa ? #ParoIndefinido2021 #ParoNacional3M
#ParoIndefinido2021 #ParoNacional3M #DuqueAsesino 
Tocancip√°, Variante Bogota-Tunja https://t.co/9OIccmHZVw
Se√±ores @alcaldiadeyopal con todo respeto pero vaya y encierren a su puta madre, malparidos. Estamos mamados de sus hptas toques de queda y confinamientos estupidos.

Respete al pueblo alcalde. Coma mucha mierda. 

#ParoNacional3M #ParoIndefinido2021
Con qui√©nes van a pelear???
Con los mimos ciudadanos que nos pagan el sueldo 
#VandalismoPuroYDuro 
#VandalosAsesinos 
#ParoNacional3M 
#ParoIndefinido2021 
#NosEstanMatando https://t.co/EyZOLkoyzQ
#Lojalidad // ATENCI√ìN

#Transmilenio: A esta hora Troncal NQS al sur funciona hasta la General Santander. Cerradas las estaciones:

* Alqueria 
* Venecia
* Sevillana
* Perdomo
* Portal Sur

#ParoNacional #ParoNacional3M
Por favor para la mediaci√≥n.
#ParoNacional3M
#DDHHinternacional
#DDHH https://t.co/wP3kU6DgM3
lo que necesitamos es que @TwitterLatAm le desactive su cuenta, a el no le importa en absoluto que sigan matando a la gente de forma injusta #UribeGenocida #SMADasesino #ElParoSigue #ElParoNOPara #ParoNacional3M #ParoIndefinido2021 #ParoNacionalIndefinido https://t.co/4Rci7zskvp
Se metieron con la generaci√≥n que se hace amiga del cacho #ParoNacional3M #ParoIndefinido2021 #DuqueAsesino
Evidentemente una completa minor√≠a est√° afectando la vida de los dem√°s, recuerden: ‚ÄúMi libertad se termina donde empieza la de los dem√°s‚Äù Jean-Paul Sartre. #ParoNacional3M #VandalismoPuroYDuro #VandalosAsesinos #DejanosPasar #Paro3M
Bloqueo dr Camioneros en Peaje

#ParoNacional3M 
#DuqueRenuncie 
#colombiaenalerta https://t.co/fP1jIPZxj9
A brindar por el aguante ‚úä #ParoNacional3M #ParoNacionalIndefinido #ParoIndefinido2021 https://t.co/2Xw06qn5Uf
@diegotorres @alienmorenita Gracias @diegotorres saludos a vos #ParoNacional3M !!!
@AlertaNews24 Por favor izemos la bandera de nuestro pa√≠s al rev√©s; como se√±al de auxilio e intervenci√≥n internacional
#NosEstanMasacrando #NosEstanMatando #ColombiaEnAlertaRoja #CaliResiste #DuqueAsesino #EsmadAsesino #PoliciasAsesinos #DuqueRenuncie #SOSColombiaDDHH #ParoNacional3M
LO QUE ESTA PASANDO EN CALI EN VIVO EN EL SECTOR DE LA LUNA.

https://t.co/MfjTCJ21WV

#ParoNacional3M #caliresistencia 
#CaliCo  #ParoNacional
El Paro vive y no muere.  Bucaramanga hoy üòç‚úä

#ParoNacional3M #ParoIndefinido2021 #ParoNacional #NosEstanMasacrando https://t.co/DZFjQGnUth
La clase obrera aplaudiendo a los opresores, quien lo hubiese imaginado. Barrio respetable est√° en contra del gobierno! #ParoNacional3M
#ParoNacional3M
SOS COLOMBIA
/* https://t.co/bPZAAFIpjU
Camioneros en Manizales

Se une todo el gremio al Paro

#ParoNacional3M 
#DuqueRenuncie 
#colombiaenalerta https://t.co/PCZdDIh5p5
"Es un chiste confiar creer que existe un gobernante honrado, el poder puede corromper a cualquier ser humano." (Cancerbero)
#ColombiaEnDictadura #DuquePareLaMasacre #ParoNacional3M
#ParoNacional3M #ONG 
Necesitamos hacerlo viral https://t.co/tNghInJi4B
Homenajeamos a quienes han ca√≠do luchando por hacer posible lo necesario, les recordamos en las calles, su siembra no sera en vano: otro pa√≠s nacer√° gracias a su valent√≠a 
#ParoNacional3M https://t.co/AhyvW9CfCV
Homenajeamos a quienes han ca√≠do luchando por hacer posible lo necesario, les recordamos en las calles, su siembra no sera en vano: otro pa√≠s nacer√° gracias a su valent√≠a 
#ParoNacional3M https://t.co/AhyvW9CfCV
Tengan mucho cuidado muchachos ma√±ana con las marchas desde cualquier punto, pendientes hay que estar 4 ojos con esa gente y con toda ante este gobierno corrupto!!!!

#VivaElParoNacional 
#ParoNacional3M 
#DuqueAsesino 
#ElParoNoLoParaNadie https://t.co/8DTQUz0rLt
‚ö†Ô∏è Gente Soacha ya empezaron aa mandar al esmad y las tanquetas, ya hay como dos camiones llenos del ESMAD, los que son de soacha tengan mucho cuidado ‚ö†Ô∏è

#ParoNacional3M
Corredor de abastecimiento ya! 
#NosUnimosONosHundimos 
#ParoNacional3M 
#ParoIndefinido2021 https://t.co/van9RoZZkO
Camioneros en Cali. Se dirigen a la Gobernacion

#ParoNacional3M 
#DuqueRenuncie 
#colombiaenalerta https://t.co/tBCg07c5Xv
